{"Stats": {"finalTick": 617820000.0, "blockedCycles": 267743.0, "replacements": 88760.0, "demandAvgMissLatency": 1645009.264232, "totalEnergy": 1346213655.0, "numRetries": 40149.0, "retryTicks": 305717002.0, "avgReadLatency": 493984.13033099996, "avgWriteLatency": 668420.741072, "readBW": 22809698617.720367, "writeBW": 46408338.998412}}