{"Stats": {"finalTick": 3610986001.0, "totalEnergy": 6909116325.0, "numRetries": 210244.0, "retryTicks": 14358007204.0, "avgReadLatency": 2514387.389466, "avgWriteLatency": 4459393.6332910005, "readBW": 177662278.342352, "writeBW": 3557215673.625648}}