{"Stats": {"finalTick": 1559579490.0, "blockedCycles": 220459338.0, "replacements": 401738.0, "demandAvgMissLatency": 28744503.40011, "totalEnergy": 2892076976.292, "numRetries": 270020.0, "retryTicks": 24761809549.0, "avgReadLatency": 12356064.636559002, "avgWriteLatency": 16388438.763550999, "readBW": 8236230395.669023, "writeBW": 8236230395.669023}}