{"Stats": {"finalTick": 26164999000.0, "blockedCycles": 21394791.0, "replacements": 3725347.0, "demandAvgMissLatency": 702037.268404, "totalEnergy": 56446598745.0, "numRetries": 3564101.0, "retryTicks": 24888619336.0, "avgReadLatency": 448195.750292, "avgWriteLatency": 107589.0, "readBW": 36175046824.958786, "writeBW": 9784.063052}}