{"Stats": {"finalTick": 4481740641.0, "blockedCycles": 1842019735.0, "replacements": 397918.0, "demandAvgMissLatency": 86004957.913904, "totalEnergy": 1418285577.599998, "numRetries": 301178.0, "retryTicks": 70948477387.0, "avgReadLatency": 48114212.448181994, "avgWriteLatency": 37890745.465720996, "readBW": 2866086422.424912, "writeBW": 2866086422.424912}}