{"Stats": {"finalTick": 1066088001.0, "totalEnergy": 1907693445.0, "numRetries": 60127.0, "retryTicks": 3336901869.0, "avgReadLatency": 20408893.77643, "avgWriteLatency": 3971935.1058679996, "readBW": 2375848895.798612, "writeBW": 3012194112.482088}}